model,label_fraction,seed,accuracy,f1_macro,recall_macro,train_accuracy,train_f1_macro,train_recall_macro,generalization_gap,train_time_s,error
SupervisedBaseline_GMM,0.05,0,0.7053901058331282,0.7078543449614217,0.7444874106371325,0.7122362869198312,0.7160024589264703,0.7512204527183381,0.006846181086702985,0.29779272000450874,
SupervisedBaseline_GMM,0.05,1,0.8850603002707359,0.8924601565783146,0.8920526943958139,0.8748945147679325,0.8808171074701999,0.8783964640584448,-0.010165785502803448,0.29474148499866715,
SupervisedBaseline_GMM,0.05,2,0.7772581836081713,0.7745355792500487,0.7777275058010328,0.770042194092827,0.764399023093736,0.7680852192769116,-0.007215989515344301,0.22567839899420505,
SupervisedBaseline_GMM,0.05,3,0.672163426039872,0.597526073048468,0.6847821649118225,0.6716244725738396,0.5979495637365769,0.6834682937177649,-0.000538953466032388,0.3182729160034796,
SupervisedBaseline_GMM,0.05,4,0.856509968003938,0.8669147895634589,0.8663520019380978,0.8645569620253165,0.8751079959648024,0.8755866781148639,0.00804699402137854,0.2820548570016399,
SupervisedBaseline_GMM,0.1,0,0.8429731725326114,0.881712522954902,0.8892747743518113,0.8345991561181435,0.8753399244331785,0.8821216520908505,-0.008374016414467889,0.291170937998686,
SupervisedBaseline_GMM,0.1,1,0.8557715973418656,0.8729607872193851,0.8751945163150386,0.8433544303797469,0.8644942419060693,0.8673712214798847,-0.012417166962118698,0.28059456000482896,
SupervisedBaseline_GMM,0.1,2,0.8269751415210436,0.825397561197301,0.8358606628017722,0.8207805907172996,0.8164368565102593,0.8279334313110153,-0.006194550803743981,0.3779065470007481,
SupervisedBaseline_GMM,0.1,3,0.7176962835343342,0.705036460976667,0.7489872537616137,0.7179324894514768,0.7080659066256407,0.7517538322727091,0.00023620591714257344,0.34654002799652517,
SupervisedBaseline_GMM,0.1,4,0.8877676593650012,0.9061569778240861,0.9053283122684805,0.89915611814346,0.9164758909123758,0.9170898578887625,0.011388458778458732,0.3443379750024178,
SupervisedBaseline_GMM,0.2,0,0.6935761752399705,0.6627541204104616,0.7165617513991167,0.6924050632911393,0.6593461657768843,0.7133998939707269,-0.0011711119488312383,0.48923894700419623,
SupervisedBaseline_GMM,0.2,1,0.8065468865370415,0.747775347711747,0.7890667913862706,0.7947257383966245,0.7411936420130142,0.7833894579137887,-0.011821148140417015,0.3051221140049165,
SupervisedBaseline_GMM,0.2,2,0.8656165395028305,0.8818836080940817,0.8872248732796815,0.8672995780590718,0.8832880007296541,0.8870105636714867,0.0016830385562413008,0.38725174899445847,
SupervisedBaseline_GMM,0.2,3,0.8205759291164164,0.80631824471447,0.8222143672058372,0.8225738396624472,0.8120141725899214,0.8255784029865946,0.0019979105460308233,0.3930308819981292,
SupervisedBaseline_GMM,0.2,4,0.8146689638198376,0.7968256985109775,0.8113036951370395,0.8205696202531646,0.7987173994674486,0.814963681081934,0.005900656433327045,0.5587407169950893,
SemiSupervisedGMM,0.05,0,0.8855525473787842,0.9083099079403072,0.9125225977538571,0.8832278481012659,0.9049092175893618,0.9087158912205272,-0.0023246992775183273,0.3880106440046802,
SemiSupervisedGMM,0.05,1,0.9027811961604726,0.9197114771187229,0.9228563379142818,0.8851265822784811,0.9076850746450644,0.9112290878623046,-0.01765461388199152,0.16776192700490355,
SemiSupervisedGMM,0.05,2,0.8946591188776766,0.9171136911061659,0.9211706644641365,0.885759493670886,0.9053967997130554,0.9090403338105982,-0.008899625206790551,0.20162851399800275,
SemiSupervisedGMM,0.05,3,0.8857986709328083,0.9070156916135416,0.9108187856392661,0.8947257383966245,0.9153025722465699,0.9181724075507832,0.008927067463816218,0.17636175300140167,
SemiSupervisedGMM,0.05,4,0.8899827713512183,0.9101543143953016,0.912383661254456,0.8955696202531646,0.9148778133371344,0.9179744854412363,0.005586848901946273,0.2488086099983775,
SemiSupervisedGMM,0.1,0,0.8909672655673148,0.9127147529613138,0.9166589759624914,0.8919831223628693,0.9115285678074988,0.9146827583428057,0.0010158567955544928,0.18582960500498302,
SemiSupervisedGMM,0.1,1,0.9049963081466896,0.9210315390372333,0.9237797658114894,0.8883966244725738,0.9099717453886876,0.9133454492631327,-0.016599683674115795,0.13553502899594605,
SemiSupervisedGMM,0.1,2,0.8985970957420625,0.9204544496405882,0.9239569984035977,0.8890295358649789,0.9082712282420388,0.9114109931713076,-0.009567559877083576,0.1840440279993345,
SemiSupervisedGMM,0.1,3,0.8899827713512183,0.9098963417658699,0.9133851379255409,0.8982067510548524,0.9173769797946811,0.9197576484519733,0.008223979703634088,0.21251456999743823,
SemiSupervisedGMM,0.1,4,0.891213389121339,0.9125138001457922,0.9151857684768361,0.895042194092827,0.9149462907567507,0.9185441510893628,0.0038288049714880756,0.14138815199839883,
SemiSupervisedGMM,0.2,0,0.9003199606202313,0.9193997808034741,0.922589866193933,0.9008438818565401,0.9175632053419794,0.9203075094005871,0.0005239212363087331,0.1928272629957064,
SemiSupervisedGMM,0.2,1,0.9106571498892444,0.925231150052995,0.9272381294499802,0.895464135021097,0.9152197881332347,0.9177122663770206,-0.015193014868147392,0.1967672440005117,
SemiSupervisedGMM,0.2,2,0.9054885552547379,0.9252285672003939,0.9279583220660607,0.8979957805907173,0.9148324859502633,0.9172228339218942,-0.007492774664020652,0.19383892599580577,
SemiSupervisedGMM,0.2,3,0.8924440068914595,0.9101944797375197,0.9135684905776617,0.9006329113924051,0.9166267524075401,0.9193120390430448,0.00818890450094556,0.29191701999661746,
SemiSupervisedGMM,0.2,4,0.8958897366477971,0.9135298208241831,0.9153061297580892,0.8997890295358649,0.9169979180618533,0.9197937632228247,0.0038992928880677846,0.18037138299405342,
ConstrainedKMeans,0.05,0,0.7880876199852326,0.7709915859555146,0.7914082538971428,0.7912447257383967,0.772881701674032,0.793318756504372,0.00315710575316408,1.1407485219970113,
ConstrainedKMeans,0.05,1,0.799163179916318,0.7825773731775978,0.8013596751470587,0.7893459915611815,0.7767284791500109,0.793411864587677,-0.009817188355136564,0.8605630720048794,
ConstrainedKMeans,0.05,2,0.7937484617277873,0.7761565303056772,0.796297373876904,0.7879746835443038,0.7706327892811743,0.789969742628718,-0.005773778183483569,1.2373312669951702,
ConstrainedKMeans,0.05,3,0.7915333497415703,0.7797248488812974,0.7980621384658925,0.7925105485232068,0.7766462625129256,0.7938426287575416,0.0009771987816364902,0.9869650730033754,
ConstrainedKMeans,0.05,4,0.8641397981786857,0.8817278108093032,0.8810278872047312,0.8768987341772152,0.8942631942819271,0.8958125134270352,0.012758935998529508,0.6221883299949695,
ConstrainedKMeans,0.1,0,0.7915333497415703,0.7768915555453616,0.7951045648738194,0.794831223628692,0.7803284738228617,0.7978466274690107,0.0032978738871216606,0.822794290004822,
ConstrainedKMeans,0.1,1,0.799163179916318,0.7823256874329149,0.801294475948089,0.7891350210970464,0.7757737097990052,0.7931683760035766,-0.01002815881927166,0.7368833910004469,
ConstrainedKMeans,0.1,2,0.8006399212404627,0.7881699754554001,0.8047523765081043,0.794409282700422,0.78258486178195,0.7985825999605815,-0.006230638540040689,1.4354226080031367,
ConstrainedKMeans,0.1,3,0.7947329559438838,0.7852423198849292,0.8023142586054826,0.7962025316455696,0.7828352835204423,0.7984661635840032,0.0014695757016858213,1.2561512860047515,
ConstrainedKMeans,0.1,4,0.7922717204036426,0.7822213251750743,0.7963249143913856,0.7970464135021097,0.7831777739316081,0.8011276182325598,0.00477469309846712,1.215700717002619,
ConstrainedKMeans,0.2,0,0.7947329559438838,0.7825047313790267,0.7989385280388731,0.7985232067510548,0.7863162676522334,0.8023297542974116,0.0037902508071709917,1.1366800010000588,
ConstrainedKMeans,0.2,1,0.8055623923209451,0.7924016619563551,0.8085935654542756,0.7964135021097046,0.7868463861387537,0.8010861195015394,-0.009148890211240435,0.8596837040022365,
ConstrainedKMeans,0.2,2,0.8026089096726556,0.7921385796820613,0.8072206666431885,0.7977848101265823,0.7872068414643343,0.8019255193972281,-0.004824099546073324,1.1517565399990417,
ConstrainedKMeans,0.2,3,0.7996554270243662,0.7919399911084023,0.8079217475241759,0.800210970464135,0.7886455236490095,0.8028579458338362,0.0005555434397688241,1.1435323149999022,
ConstrainedKMeans,0.2,4,0.8638936746246616,0.881715472810418,0.8811596889299994,0.8773206751054853,0.8941661274590956,0.8957315297751507,0.013427000480823681,0.5377389080022112,
