model,label_fraction,seed,covariance_type,reg_covar,accuracy,f1_macro,recall_macro,train_accuracy,train_f1_macro,train_recall_macro,generalization_gap,train_time_s,error,max_constraints
SemiSupervisedGMM,0.1,0,full,1e-06,0.8870292887029289,0.9042808092722255,0.9074738432208976,0.8916666666666667,0.907289374076841,0.9092210275654985,0.004637377963737865,0.28145492100156844,,
SemiSupervisedGMM,0.1,1,full,1e-06,0.8929362539995077,0.9029302209739198,0.9056564251189052,0.8751054852320675,0.8892141379776187,0.891941161936334,-0.017830768767440164,0.365307722997386,,
SemiSupervisedGMM,0.1,2,full,1e-06,0.8966281073098695,0.9143951234740731,0.9181785536669597,0.8906118143459916,0.9063658161964988,0.9093834879669382,-0.006016292963877956,0.29372143399814377,,
SemiSupervisedGMM,0.1,0,full,0.0001,0.8902288949052425,0.9084301393241364,0.9115952462376641,0.8935654008438818,0.9098296145091059,0.9123220965967292,0.0033365059386393225,0.1816562430030899,,
SemiSupervisedGMM,0.1,1,full,0.0001,0.9005660841742554,0.9127462938657201,0.9152408484245816,0.8851265822784811,0.9024387000865827,0.9055233936964348,-0.015439501895774366,0.284393756002828,,
SemiSupervisedGMM,0.1,2,full,0.0001,0.897612601525966,0.9161189197340337,0.9185659725109081,0.8888185654008439,0.9047774631194635,0.9073406142109877,-0.008794036125122084,0.2846721030000481,,
SemiSupervisedGMM,0.1,0,full,0.01,0.9032734432685208,0.9175739124476362,0.9202533876842336,0.9050632911392406,0.9177820632581574,0.920911681032479,0.0017898478707197851,0.3963898920046631,,
SemiSupervisedGMM,0.1,1,full,0.01,0.9121338912133892,0.9234446353343885,0.9247536967169653,0.9059071729957806,0.9202730902974935,0.9217913101381077,-0.006226718217608562,0.2827272550057387,,
SemiSupervisedGMM,0.1,2,full,0.01,0.9121338912133892,0.9260854938563039,0.929001495200987,0.9042194092827004,0.9178976092123566,0.9193891168138527,-0.007914481930688777,0.31729379700118443,,
SemiSupervisedGMM,0.1,0,tied,1e-06,0.8141767167117894,0.8572190068359357,0.855137914650613,0.8193037974683545,0.8609296642444028,0.8588320793773379,0.005127080756565094,0.4012542400014354,,
SemiSupervisedGMM,0.1,1,tied,1e-06,0.8247600295348265,0.8649526920489556,0.862903618604104,0.8171940928270042,0.8608562293077078,0.8589875821129349,-0.007565936707822352,0.4233375769981649,,
SemiSupervisedGMM,0.1,2,tied,1e-06,0.8338666010337189,0.873942845189374,0.8718852077948106,0.8235232067510548,0.8626640009672025,0.8599607491521625,-0.010343394282664065,0.4488674300009734,,
SemiSupervisedGMM,0.1,0,tied,0.0001,0.8060546394289934,0.8500174043622418,0.8471695608109737,0.8119198312236287,0.8556496342129705,0.85251838913614,0.005865191794635294,0.3767004339970299,,
SemiSupervisedGMM,0.1,1,tied,0.0001,0.8166379522520305,0.8583723087957594,0.8560250151582186,0.8093881856540084,0.8545112763844643,0.8516567012645921,-0.007249766598022123,0.37116837599751307,,
SemiSupervisedGMM,0.1,2,tied,0.0001,0.8254984001968988,0.8665304205960761,0.864500046899302,0.8174050632911393,0.8580024497304594,0.8549459897646814,-0.00809333690575953,0.3948374459941988,,
SemiSupervisedGMM,0.1,0,tied,0.01,0.8360817130199361,0.8708829021179908,0.8688403567721193,0.8391350210970464,0.8718493921702197,0.8703036731155219,0.0030533080771103505,0.3172395419969689,,
SemiSupervisedGMM,0.1,1,tied,0.01,0.842234801870539,0.8727686886498714,0.8708965075123901,0.8388185654008439,0.8736540327744889,0.8723708109937204,-0.003416236469695133,0.30967400199733675,,
SemiSupervisedGMM,0.1,2,tied,0.01,0.8483878907211421,0.8809352188789356,0.8800015528918461,0.845886075949367,0.8760112774049685,0.8739902794446195,-0.002501814771775024,0.3014111619995674,,
SemiSupervisedGMM,0.1,0,diag,1e-06,0.8749692345557469,0.8826395905666777,0.887036202693433,0.8778481012658228,0.8858930869975746,0.8887337081649892,0.002878866710075867,0.1873339060039143,,
SemiSupervisedGMM,0.1,1,diag,1e-06,0.8828451882845189,0.8870108201713062,0.8909948558015647,0.8723628691983122,0.8825488140229644,0.8865173589442608,-0.01048231908620667,0.19401891599409282,,
SemiSupervisedGMM,0.1,2,diag,1e-06,0.8764459758798917,0.8848593594708578,0.8881590912403077,0.8715189873417721,0.8789076639553626,0.8824949624654282,-0.00492698853811957,0.1803467179997824,,
SemiSupervisedGMM,0.1,0,diag,0.0001,0.8754614816637952,0.8830234936930933,0.8873510701401789,0.8778481012658228,0.8858579098704661,0.8886566973562712,0.002386619602027573,0.17598942200129386,,
SemiSupervisedGMM,0.1,1,diag,0.0001,0.8825990647304947,0.8868602000164566,0.890860591569556,0.8725738396624473,0.8828070648007369,0.8867587190668926,-0.010025225068047372,0.1978550819985685,,
SemiSupervisedGMM,0.1,2,diag,0.0001,0.8766920994339158,0.8850559444386207,0.8884151076253562,0.8715189873417721,0.8788807322599498,0.8824179516567101,-0.005173112092143661,0.17379509699821938,,
SemiSupervisedGMM,0.1,0,diag,0.01,0.8766920994339158,0.8849031276560998,0.8882976537030096,0.8811181434599156,0.8897957682822923,0.8915484681263138,0.004426044025999776,0.12693579999904614,,
SemiSupervisedGMM,0.1,1,diag,0.01,0.8862909180408565,0.8903063752448185,0.892491744878929,0.8738396624472574,0.8838987241907,0.8867024012802912,-0.012451255593599053,0.1348281489990768,,
SemiSupervisedGMM,0.1,2,diag,0.01,0.8801378291902535,0.8885416817179447,0.8908746762859596,0.8746835443037975,0.882202817402831,0.8844971682166632,-0.005454284886456051,0.153251547999389,,
SemiSupervisedGMM,0.1,0,spherical,1e-06,0.8567560915579621,0.8737460691060941,0.8746977223786037,0.860337552742616,0.8770510586907861,0.8774980215879635,0.003581461184653967,0.14470992700080387,,
SemiSupervisedGMM,0.1,1,spherical,1e-06,0.8631553039625892,0.8770901965099548,0.87852850933216,0.8595991561181434,0.8775715041901038,0.8788057812358219,-0.0035561478444458006,0.14982351199432742,,
SemiSupervisedGMM,0.1,2,spherical,1e-06,0.866847157272951,0.8836066243932408,0.8853255128622395,0.8568565400843882,0.8738376227694439,0.8749908498002208,-0.009990617188562867,0.13845402500010096,,
SemiSupervisedGMM,0.1,0,spherical,0.0001,0.8567560915579621,0.8737460691060941,0.8746977223786037,0.8604430379746836,0.8771021480051118,0.8775754509336855,0.003686946416721515,0.1546874880004907,,
SemiSupervisedGMM,0.1,1,spherical,0.0001,0.8631553039625892,0.8770901965099548,0.87852850933216,0.8598101265822785,0.8777432918734801,0.8789606399272659,-0.0033451773803107043,0.13997277700400446,,
SemiSupervisedGMM,0.1,2,spherical,0.0001,0.866847157272951,0.8836066243932408,0.8853255128622395,0.8568565400843882,0.8738376227694439,0.8749908498002208,-0.009990617188562867,0.13764068199816393,,
SemiSupervisedGMM,0.1,0,spherical,0.01,0.8597095742062515,0.8760436680967282,0.8765638252599756,0.8627637130801687,0.878849830891734,0.8790649526277007,0.003054138873917256,0.13496131499414332,,
SemiSupervisedGMM,0.1,1,spherical,0.01,0.8653704159488063,0.8788255547652873,0.8795324984909205,0.8622362869198312,0.8792910806994493,0.8799909416014319,-0.00313412902897503,0.1717690239966032,,
SemiSupervisedGMM,0.1,2,spherical,0.01,0.8695545163672164,0.8859311579907104,0.8871211280716381,0.8589662447257383,0.87581822459898,0.8765797195001123,-0.01058827164147802,0.15011339000193402,,
ConstrainedKMeans,0.1,0,,,0.7974403150381492,0.7394411522626596,0.7792389302585153,0.7985232067510548,0.7392418300634445,0.77864652935613,0.0010828917129056537,0.9695344360006857,,50.0
ConstrainedKMeans,0.1,1,,,0.7994093034703421,0.7393857761049585,0.7782163746869379,0.7951476793248945,0.737884470895376,0.7770990617994096,-0.004261624145447618,0.8010032699967269,,50.0
ConstrainedKMeans,0.1,2,,,0.8006399212404627,0.7415767748699037,0.7811508913358481,0.7966244725738396,0.7381405800382372,0.7772897216418729,-0.004015448666623067,1.065084214998933,,50.0
ConstrainedKMeans,0.1,0,,,0.7858725079990155,0.7655628037910739,0.7885838638259378,0.7887130801687764,0.7678794483212501,0.7904800700716778,0.0028405721697608577,0.8892274429963436,,200.0
ConstrainedKMeans,0.1,1,,,0.7954713266059562,0.77491577638871,0.7964498708274282,0.7856540084388186,0.7691758133085441,0.788347290254549,-0.0098173181671376,0.7565099959974759,,200.0
ConstrainedKMeans,0.1,2,,,0.7925178439576668,0.7736981296772621,0.7948864402995308,0.784915611814346,0.7650358566509746,0.7864227206493294,-0.007602232143320786,1.0787787120061694,,200.0
ConstrainedKMeans,0.1,0,,,0.7915333497415703,0.7768915555453616,0.7951045648738194,0.794831223628692,0.7803284738228617,0.7978466274690107,0.0032978738871216606,0.9028193080011988,,500.0
ConstrainedKMeans,0.1,1,,,0.799163179916318,0.7823256874329149,0.801294475948089,0.7891350210970464,0.7757737097990052,0.7931683760035766,-0.01002815881927166,0.7358437489965581,,500.0
ConstrainedKMeans,0.1,2,,,0.8006399212404627,0.7881699754554001,0.8047523765081043,0.794409282700422,0.78258486178195,0.7985825999605815,-0.006230638540040689,1.3948082509959931,,500.0
ConstrainedKMeans,0.1,0,,,0.7952252030519321,0.7833901614485301,0.7996266361163615,0.7990506329113924,0.7874441430005062,0.8028671925780317,0.0038254298594603275,1.00045437800145,,1000.0
ConstrainedKMeans,0.1,1,,,0.8021166625646075,0.7875159537976861,0.8048647098310119,0.7930379746835443,0.7826949894270777,0.797904496035526,-0.009078687881063141,0.6821875489986269,,1000.0
ConstrainedKMeans,0.1,2,,,0.8018705390105834,0.7901156189405621,0.80631378166429,0.7955696202531646,0.7837565698634471,0.7994911484317972,-0.006300918757418783,1.363558182005363,,1000.0
